"id","nome","email"
"1","Enzo da Mota","allanaandrade@example.org"
"2","Diego Camargo","sophia59@example.org"
"3","Breno Camargo","montenegronicole@example.org"
"4","Aylla Moura","leonardoazevedo@example.org"
"5","Srta. Alexia da Luz","portoanthony@example.net"
"6","Ana Carolina Monteiro","gustavo-henriquebarbosa@example.net"
"7","Davi Lucas Pereira","piresana-laura@example.net"
"8","Sarah Macedo","aragaosara@example.net"
"9","Marcos Vinicius Cavalcante","ana-luizapacheco@example.net"
"10","Sr. Thales Moreira","cardosoisadora@example.org"
"11","Mathias Siqueira","nunesmanuela@example.net"
"12","Gabriela Nunes","olivia88@example.org"
"13","Ana Júlia Moraes","mmelo@example.org"
"14","Isabela Santos","hnogueira@example.org"
"15","Matteo Cavalcanti","moraesjoao-lucas@example.com"
"16","Fernando Moreira","ana-cecilia91@example.com"
"17","Alexia Câmara","rochaenrico@example.org"
"18","Maria Sophia Nunes","ldas-neves@example.org"
"19","Pedro Lucas Rezende","iborges@example.net"
"20","Isabel da Luz","maria-fernanda13@example.com"
